<?xml version="1.0" encoding="UTF-8"?>
<folder>
    <parent>/Icinga</parent>
    <name>inputcontrols</name>
    <label>Input Controls</label>
    <creationDate>2011-10-22T16:57:21.000+02:00</creationDate>
    <updateDate>2010-09-29T03:38:08.000+02:00</updateDate>
    <resource>p_date_end</resource>
    <resource>p_date_start</resource>
    <resource>p_host_object_id</resource>
    <resource>p_hostgroup_object_id</resource>
    <resource>p_service_object_id</resource>
    <resource>p_time_end</resource>
    <resource>p_time_start</resource>
    <resource>p_weekday_end</resource>
    <resource>p_weekday_start</resource>
</folder>
