<?xml version="1.0" encoding="UTF-8"?>
<inputControl>
    <folder>/Icinga/inputcontrols</folder>
    <name>p_host_object_id</name>
    <version>1</version>
    <label>Hostname</label>
    <description></description>
    <creationDate>2011-05-11T13:52:55.000+02:00</creationDate>
    <updateDate>2011-05-18T09:33:24.000+02:00</updateDate>
    <type>4</type>
    <mandatory>false</mandatory>
    <readOnly>false</readOnly>
    <visible>true</visible>
    <query>
        <localResource
            xmlns:xsi="http://www.w3.org/2001/XMLSchema-instance" xsi:type="query">
            <folder>/Icinga/inputcontrols/p_host_object_id_files</folder>
            <name>query_host_object_id</name>
            <version>1</version>
            <label>query_host_object_id</label>
            <description></description>
            <creationDate>2011-05-11T13:52:55.000+02:00</creationDate>
            <updateDate>2011-05-11T13:52:55.000+02:00</updateDate>
            <language>sql</language>
            <queryString>select host_object_id, display_name from icinga_hosts</queryString>
            <dataSource>
                <uri>/Icinga/datasources/IDO</uri>
            </dataSource>
        </localResource>
    </query>
    <queryVisibleColumn>display_name</queryVisibleColumn>
    <queryValueColumn>host_object_id</queryValueColumn>
</inputControl>
