<?xml version="1.0" encoding="UTF-8"?>
<inputControl>
    <folder>/Icinga/inputcontrols</folder>
    <name>p_time_start</name>
    <version>2</version>
    <label>Time Start</label>
    <description></description>
    <creationDate>2011-08-17T09:49:12.000+02:00</creationDate>
    <updateDate>2011-08-17T15:38:42.000+02:00</updateDate>
    <type>2</type>
    <mandatory>false</mandatory>
    <readOnly>false</readOnly>
    <visible>true</visible>
    <dataType>
        <uri>/Icinga/datatypes/time</uri>
    </dataType>
</inputControl>
