<?xml version="1.0" encoding="UTF-8"?>
<inputControl>
    <folder>/Icinga/inputcontrols</folder>
    <name>p_time_end</name>
    <version>0</version>
    <label>Time End</label>
    <description></description>
    <creationDate>2011-10-22T16:57:24.000+02:00</creationDate>
    <updateDate>2011-10-22T16:57:24.000+02:00</updateDate>
    <type>2</type>
    <mandatory>false</mandatory>
    <readOnly>false</readOnly>
    <visible>true</visible>
    <dataType>
        <uri>/Icinga/datatypes/time</uri>
    </dataType>
</inputControl>
