<?xml version="1.0" encoding="UTF-8"?>
<inputControl>
    <folder>/Icinga/inputcontrols</folder>
    <name>p_weekday_start</name>
    <version>0</version>
    <label>Weekday Start</label>
    <description></description>
    <creationDate>2011-05-18T17:20:59.000+02:00</creationDate>
    <updateDate>2011-05-18T17:20:59.000+02:00</updateDate>
    <type>3</type>
    <mandatory>false</mandatory>
    <readOnly>false</readOnly>
    <visible>true</visible>
    <listOfValues>
        <uri>/bits/listOfValues/weekdays</uri>
    </listOfValues>
</inputControl>
