<?xml version="1.0" encoding="UTF-8"?>
<inputControl>
    <folder>/icinga/inputcontrols</folder>
    <name>p_weekday_end</name>
    <version>1</version>
    <label>Weekday End</label>
    <description></description>
    <creationDate>2011-11-08T11:53:00.749+01:00</creationDate>
    <updateDate>2011-11-08T14:14:09.609+01:00</updateDate>
    <type>3</type>
    <mandatory>false</mandatory>
    <readOnly>false</readOnly>
    <visible>true</visible>
    <listOfValues>
        <uri>/icinga/listofvalues/weekdays</uri>
    </listOfValues>
</inputControl>
