<?xml version="1.0" encoding="UTF-8"?>
<jdbcDataSource>
    <folder>/other/datasources</folder>
    <name>reporting</name>
    <version>1</version>
    <label>Reporting</label>
    <description></description>
    <creationDate>2013-01-03T11:20:03.623+01:00</creationDate>
    <updateDate>2013-01-10T14:24:57.256+01:00</updateDate>
    <driver>com.mysql.jdbc.Driver</driver>
    <connectionUrl>jdbc:mysql://localhost:3306/reporting</connectionUrl>
    <connectionUser>icinga</connectionUser>
    <connectionPassword>icinga</connectionPassword>
    <timezone></timezone>
</jdbcDataSource>
