<?xml version="1.0" encoding="UTF-8"?>
<jdbcDataSource exportedWithPermissions="false">
    <folder>/icinga/datasources</folder>
    <name>IDO</name>
    <version>1</version>
    <label>IDO</label>
    <description></description>
    <creationDate>2015-06-07T20:03:32.664+02:00</creationDate>
    <updateDate>2015-06-07T20:07:18.632+02:00</updateDate>
    <driver>org.mariadb.jdbc.Driver</driver>
    <connectionUrl>jdbc:mysql://localhost:3306/icinga2idomysql</connectionUrl>
    <connectionUser>root</connectionUser>
    <connectionPassword>ENC&lt;7AD16DD6371A4F91E75EF11C951B2FED&gt;</connectionPassword>
    <timezone></timezone>
</jdbcDataSource>
