<?xml version="1.0" encoding="UTF-8"?>
<folder>
    <parent>/</parent>
    <name>Icinga</name>
    <label>Icinga</label>
    <description></description>
    <creationDate>2011-10-22T16:57:20.000+02:00</creationDate>
    <updateDate>2010-09-29T03:38:07.000+02:00</updateDate>
    <folder>datasources</folder>
    <folder>datatypes</folder>
    <folder>images</folder>
    <folder>inputcontrols</folder>
    <folder>listofvalues</folder>
    <folder>reports</folder>
    <folder>styles</folder>
    <folder>templates</folder>
</folder>
