<?xml version="1.0" encoding="UTF-8"?>
<jdbcDataSource>
    <folder>/icinga/datasources</folder>
    <name>IDO</name>
    <version>2</version>
    <label>IDO</label>
    <description></description>
    <creationDate>2012-05-15T14:57:57.500+02:00</creationDate>
    <updateDate>2012-05-15T15:08:54.851+02:00</updateDate>
    <driver>com.mysql.jdbc.Driver</driver>
    <connectionUrl>jdbc:mysql://localhost:3306/icinga</connectionUrl>
    <connectionUser>icinga</connectionUser>
    <connectionPassword>icinga</connectionPassword>
    <timezone></timezone>
</jdbcDataSource>
