<?xml version="1.0" encoding="UTF-8"?>
<jdbcDataSource>
    <folder>/icinga/datasources</folder>
    <name>IDO</name>
    <version>8</version>
    <label>IDO</label>
    <description></description>
    <creationDate>2012-10-08T17:54:16.045+02:00</creationDate>
    <updateDate>2012-10-11T18:57:27.967+02:00</updateDate>
    <driver>com.mysql.jdbc.Driver</driver>
    <connectionUrl>jdbc:mysql://localhost:3306/icinga</connectionUrl>
    <connectionUser>icinga</connectionUser>
    <connectionPassword>icinga</connectionPassword>
    <timezone></timezone>
</jdbcDataSource>
