<?xml version="1.0" encoding="UTF-8"?>
<jdbcDataSource>
    <folder>/icinga/datasources</folder>
    <name>IDO</name>
    <version>0</version>
    <label>IDO</label>
    <description></description>
    <creationDate>2011-11-08T11:52:59.355+01:00</creationDate>
    <updateDate>2011-11-08T11:52:59.355+01:00</updateDate>
    <driver>com.mysql.jdbc.Driver</driver>
    <connectionUrl>jdbc:mysql://localhost:3306/icinga</connectionUrl>
    <connectionUser>icinga</connectionUser>
    <connectionPassword>icinga</connectionPassword>
    <timezone></timezone>
</jdbcDataSource>
