<?xml version="1.0" encoding="UTF-8"?>
<jdbcDataSource>
    <folder>/Icinga/datasources</folder>
    <name>IDO</name>
    <version>5</version>
    <label>IDO</label>
    <description></description>
    <creationDate>2011-05-13T10:26:34.000+02:00</creationDate>
    <updateDate>2011-05-20T13:11:25.000+02:00</updateDate>
    <driver>com.mysql.jdbc.Driver</driver>
    <connectionUrl>jdbc:mysql://localhost:3306/icinga_report</connectionUrl>
    <connectionUser>icinga</connectionUser>
    <connectionPassword>icinga</connectionPassword>
    <timezone></timezone>
</jdbcDataSource>
