<?xml version="1.0" encoding="UTF-8"?>
<jdbcDataSource>
    <folder>/Icinga/datasources</folder>
    <name>icinga</name>
    <version>2</version>
    <label>icinga</label>
    <description></description>
    <creationDate>2011-04-08T16:54:17.000+02:00</creationDate>
    <updateDate>2011-04-08T17:08:36.000+02:00</updateDate>
    <driver>com.mysql.jdbc.Driver</driver>
    <connectionUrl>jdbc:mysql://localhost:3306/icinga</connectionUrl>
    <connectionUser>icinga</connectionUser>
    <connectionPassword>icinga</connectionPassword>
    <timezone></timezone>
</jdbcDataSource>
