<?xml version="1.0" encoding="UTF-8"?>
<jdbcDataSource>
    <folder>/Icinga/datasources</folder>
    <name>icinga</name>
    <version>1</version>
    <label>icinga</label>
    <description></description>
    <creationDate>2010-09-01T20:25:59.000+02:00</creationDate>
    <updateDate>2010-09-29T02:36:25.000+02:00</updateDate>
    <driver>com.mysql.jdbc.Driver</driver>
    <connectionUrl>jdbc:mysql://localhost:3306/icinga</connectionUrl>
    <connectionUser>icinga</connectionUser>
    <connectionPassword>icinga</connectionPassword>
</jdbcDataSource>
