<?xml version="1.0" encoding="UTF-8"?>
<inputControl>
    <folder>/icinga/inputcontrols</folder>
    <name>p_hostgroup_object_id</name>
    <version>0</version>
    <label>Hostgroup</label>
    <description></description>
    <creationDate>2013-03-03T19:14:44.064+01:00</creationDate>
    <updateDate>2012-12-18T10:09:06.116+01:00</updateDate>
    <type>4</type>
    <mandatory>false</mandatory>
    <readOnly>false</readOnly>
    <visible>true</visible>
    <query>
        <localResource
            xmlns:xsi="http://www.w3.org/2001/XMLSchema-instance" xsi:type="query">
            <folder>/icinga/inputcontrols/p_hostgroup_object_id_files</folder>
            <name>query_hostgroup_object_id</name>
            <version>0</version>
            <label>query_hostgroup_object_id</label>
            <description></description>
            <creationDate>2013-03-03T19:14:44.064+01:00</creationDate>
            <updateDate>2012-12-18T10:09:06.116+01:00</updateDate>
            <language>sql</language>
            <queryString>select hostgroup_object_id, alias from icinga_hostgroups</queryString>
            <dataSource>
                <uri>/icinga/datasources/IDO</uri>
            </dataSource>
        </localResource>
    </query>
    <queryVisibleColumn>alias</queryVisibleColumn>
    <queryValueColumn>hostgroup_object_id</queryValueColumn>
</inputControl>
