<?xml version="1.0" encoding="UTF-8"?>
<inputControl>
    <folder>/icinga/inputcontrols</folder>
    <name>p_service_object_id</name>
    <version>0</version>
    <label>Service</label>
    <description></description>
    <creationDate>2012-10-08T17:54:17.358+02:00</creationDate>
    <updateDate>2012-08-14T13:34:56.462+02:00</updateDate>
    <type>4</type>
    <mandatory>false</mandatory>
    <readOnly>false</readOnly>
    <visible>true</visible>
    <query>
        <localResource
            xmlns:xsi="http://www.w3.org/2001/XMLSchema-instance" xsi:type="query">
            <folder>/icinga/inputcontrols/p_service_object_id_files</folder>
            <name>query_service_object_id</name>
            <version>0</version>
            <label>query_service_object_id</label>
            <description></description>
            <creationDate>2012-10-08T17:54:17.358+02:00</creationDate>
            <updateDate>2012-08-14T13:34:56.462+02:00</updateDate>
            <language>sql</language>
            <queryString>select service_object_id, concat(alias, ' - ', icinga_services.display_name) as name from icinga_services, icinga_hosts where icinga_services.host_object_id = icinga_hosts.host_object_id</queryString>
            <dataSource>
                <uri>/icinga/datasources/IDO</uri>
            </dataSource>
        </localResource>
    </query>
    <queryVisibleColumn>name</queryVisibleColumn>
    <queryValueColumn>service_object_id</queryValueColumn>
</inputControl>
