<?xml version="1.0" encoding="UTF-8"?>
<inputControl>
    <folder>/icinga/inputcontrols</folder>
    <name>p_timeperiod</name>
    <version>0</version>
    <label>Timeperiod</label>
    <creationDate>2012-12-05T08:26:43.420+01:00</creationDate>
    <updateDate>2012-08-16T13:40:22.149+02:00</updateDate>
    <type>3</type>
    <mandatory>false</mandatory>
    <readOnly>false</readOnly>
    <visible>true</visible>
    <listOfValues>
        <uri>/icinga/listofvalues/timeperiods</uri>
    </listOfValues>
</inputControl>
