<?xml version="1.0" encoding="UTF-8"?>
<inputControl>
    <folder>/icinga/inputcontrols</folder>
    <name>p_time_start</name>
    <version>0</version>
    <label>Time Start</label>
    <description></description>
    <creationDate>2012-05-15T14:57:58.857+02:00</creationDate>
    <updateDate>2012-05-15T14:57:58.857+02:00</updateDate>
    <type>2</type>
    <mandatory>false</mandatory>
    <readOnly>false</readOnly>
    <visible>true</visible>
    <dataType>
        <uri>/icinga/datatypes/time</uri>
    </dataType>
</inputControl>
