<?xml version="1.0" encoding="UTF-8"?>
<inputControl>
    <folder>/icinga/inputcontrols</folder>
    <name>p_time_end</name>
    <version>0</version>
    <label>Time End</label>
    <description></description>
    <creationDate>2012-12-05T08:26:43.151+01:00</creationDate>
    <updateDate>2012-08-14T13:34:56.549+02:00</updateDate>
    <type>2</type>
    <mandatory>false</mandatory>
    <readOnly>false</readOnly>
    <visible>true</visible>
    <dataType>
        <uri>/icinga/datatypes/time</uri>
    </dataType>
</inputControl>
