<?xml version="1.0" encoding="UTF-8"?>
<inputControl>
    <folder>/icinga/inputcontrols</folder>
    <name>p_time_end</name>
    <version>0</version>
    <label>Time End</label>
    <description></description>
    <creationDate>2013-03-03T19:14:44.370+01:00</creationDate>
    <updateDate>2012-12-18T10:09:06.403+01:00</updateDate>
    <type>2</type>
    <mandatory>false</mandatory>
    <readOnly>false</readOnly>
    <visible>true</visible>
    <dataType>
        <uri>/icinga/datatypes/time</uri>
    </dataType>
</inputControl>
