<?xml version="1.0" encoding="UTF-8"?>
<inputControl>
    <folder>/icinga/inputcontrols</folder>
    <name>p_weekday_end</name>
    <version>0</version>
    <label>Weekday End</label>
    <description></description>
    <creationDate>2013-03-03T19:14:44.765+01:00</creationDate>
    <updateDate>2012-12-18T10:09:06.763+01:00</updateDate>
    <type>3</type>
    <mandatory>false</mandatory>
    <readOnly>false</readOnly>
    <visible>true</visible>
    <listOfValues>
        <uri>/icinga/listofvalues/weekdays</uri>
    </listOfValues>
</inputControl>
