<?xml version="1.0" encoding="UTF-8"?>
<inputControl>
    <folder>/icinga/inputcontrols</folder>
    <name>p_weekday_end</name>
    <version>1</version>
    <label>Weekday End</label>
    <description></description>
    <creationDate>2012-10-08T17:54:17.858+02:00</creationDate>
    <updateDate>2012-10-11T17:56:22.184+02:00</updateDate>
    <type>3</type>
    <mandatory>false</mandatory>
    <readOnly>false</readOnly>
    <visible>true</visible>
    <listOfValues>
        <uri>/icinga/listofvalues/weekdays</uri>
    </listOfValues>
</inputControl>
