<?xml version="1.0" encoding="UTF-8"?>
<inputControl>
    <folder>/icinga/inputcontrols</folder>
    <name>p_weekday_start</name>
    <version>0</version>
    <label>Weekday Start</label>
    <description></description>
    <creationDate>2012-10-08T17:54:17.931+02:00</creationDate>
    <updateDate>2012-08-14T13:34:56.798+02:00</updateDate>
    <type>3</type>
    <mandatory>false</mandatory>
    <readOnly>false</readOnly>
    <visible>true</visible>
    <listOfValues>
        <uri>/icinga/listofvalues/weekdays</uri>
    </listOfValues>
</inputControl>
