<?xml version="1.0" encoding="UTF-8"?>
<folder>
    <parent>/other/inputcontrols</parent>
    <name>avail</name>
    <label>Availability</label>
    <description></description>
    <creationDate>2013-01-04T11:24:41.302+01:00</creationDate>
    <updateDate>2013-01-04T11:24:41.302+01:00</updateDate>
    <resource>p_host_report_id</resource>
    <resource>p_report_hostname</resource>
    <resource>p_report_hostname_only</resource>
    <resource>p_report_servicename</resource>
    <resource>p_service_report_id</resource>
</folder>
