<?xml version="1.0" encoding="UTF-8"?>
<inputControl>
    <folder>/other/inputcontrols/avail</folder>
    <name>p_host_report_id</name>
    <version>2</version>
    <label>Select Host Report</label>
    <creationDate>2013-01-10T12:59:53.548+01:00</creationDate>
    <updateDate>2013-01-10T13:05:36.682+01:00</updateDate>
    <type>4</type>
    <mandatory>false</mandatory>
    <readOnly>false</readOnly>
    <visible>true</visible>
    <query>
        <localResource
            xmlns:xsi="http://www.w3.org/2001/XMLSchema-instance" xsi:type="query">
            <folder>/other/inputcontrols/avail/p_host_report_id_files</folder>
            <name>q_host_report_id</name>
            <version>1</version>
            <label>Query Host Report ID</label>
            <creationDate>2013-01-10T13:05:36.682+01:00</creationDate>
            <updateDate>2013-01-10T13:05:36.682+01:00</updateDate>
            <language>sql</language>
            <queryString>SELECT id, CONCAT (`date`,' - ',`report_description`) AS report FROM reports WHERE service_description = ""</queryString>
            <dataSource>
                <uri>/other/datasources/reporting</uri>
            </dataSource>
        </localResource>
    </query>
    <queryVisibleColumn>report</queryVisibleColumn>
    <queryValueColumn>id</queryValueColumn>
</inputControl>
