<?xml version="1.0" encoding="UTF-8"?>
<inputControl>
    <folder>/other/inputcontrols/avail</folder>
    <name>p_report_servicename</name>
    <version>0</version>
    <label>Select Servicename</label>
    <creationDate>2013-01-04T13:13:59.938+01:00</creationDate>
    <updateDate>2013-01-04T13:13:59.938+01:00</updateDate>
    <type>4</type>
    <mandatory>false</mandatory>
    <readOnly>false</readOnly>
    <visible>true</visible>
    <query>
        <localResource
            xmlns:xsi="http://www.w3.org/2001/XMLSchema-instance" xsi:type="query">
            <folder>/other/inputcontrols/avail/p_report_servicename_files</folder>
            <name>q_report_servicename</name>
            <version>0</version>
            <label>Query Report Servicename</label>
            <creationDate>2013-01-04T13:13:59.938+01:00</creationDate>
            <updateDate>2013-01-04T13:13:59.938+01:00</updateDate>
            <language>sql</language>
            <queryString>SELECT service_description FROM reports WHERE hostname = $P{p_report_hostname}</queryString>
            <dataSource>
                <uri>/other/datasources/reporting</uri>
            </dataSource>
        </localResource>
    </query>
    <queryVisibleColumn>service_description</queryVisibleColumn>
    <queryValueColumn>service_description</queryValueColumn>
</inputControl>
