<?xml version="1.0" encoding="UTF-8"?>
<inputControl>
    <folder>/other/inputcontrols/avail</folder>
    <name>p_report_hostname</name>
    <version>2</version>
    <label>Select Hostname</label>
    <description>Show all hostnames with a service</description>
    <creationDate>2013-01-04T11:50:03.278+01:00</creationDate>
    <updateDate>2013-01-10T13:57:19.611+01:00</updateDate>
    <type>4</type>
    <mandatory>false</mandatory>
    <readOnly>false</readOnly>
    <visible>true</visible>
    <query>
        <localResource
            xmlns:xsi="http://www.w3.org/2001/XMLSchema-instance" xsi:type="query">
            <folder>/other/inputcontrols/avail/p_report_hostname_files</folder>
            <name>q_report_hostname</name>
            <version>1</version>
            <label>Query Report Hostname</label>
            <creationDate>2013-01-10T13:57:19.611+01:00</creationDate>
            <updateDate>2013-01-10T13:57:19.611+01:00</updateDate>
            <language>sql</language>
            <queryString>SELECT hostname FROM reports WHERE service_description != ""</queryString>
            <dataSource>
                <uri>/other/datasources/reporting</uri>
            </dataSource>
        </localResource>
    </query>
    <queryVisibleColumn>hostname</queryVisibleColumn>
    <queryValueColumn>hostname</queryValueColumn>
</inputControl>
