<?xml version="1.0" encoding="UTF-8"?>
<dataType>
    <folder>/icinga/datatypes</folder>
    <name>time</name>
    <version>0</version>
    <label>Time</label>
    <description></description>
    <creationDate>2012-10-08T17:54:16.741+02:00</creationDate>
    <updateDate>2012-08-14T13:34:55.943+02:00</updateDate>
    <type>1</type>
    <regularExpr></regularExpr>
    <minValue xmlns:xsi="http://www.w3.org/2001/XMLSchema-instance" xsi:type="java:java.lang.String">00:00:00</minValue>
    <maxValue xmlns:xsi="http://www.w3.org/2001/XMLSchema-instance" xsi:type="java:java.lang.String">23:59:59</maxValue>
    <strictMin>true</strictMin>
    <strictMax>true</strictMax>
</dataType>
