<?xml version="1.0" encoding="UTF-8"?>
<listOfValues>
    <folder>/icinga/listofvalues</folder>
    <name>timeperiods</name>
    <version>0</version>
    <label>Timeperiods</label>
    <creationDate>2012-10-08T17:54:17.696+02:00</creationDate>
    <updateDate>2012-08-16T13:36:30.739+02:00</updateDate>
    <item>
        <itemLabel>Last week</itemLabel>
        <itemValue xmlns:xsi="http://www.w3.org/2001/XMLSchema-instance" xsi:type="java:java.lang.String">last_week</itemValue>
    </item>
    <item>
        <itemLabel>Last month</itemLabel>
        <itemValue xmlns:xsi="http://www.w3.org/2001/XMLSchema-instance" xsi:type="java:java.lang.String">last_month</itemValue>
    </item>
    <item>
        <itemLabel>Last year</itemLabel>
        <itemValue xmlns:xsi="http://www.w3.org/2001/XMLSchema-instance" xsi:type="java:java.lang.String">last_year</itemValue>
    </item>
    <item>
        <itemLabel>Custom</itemLabel>
        <itemValue xmlns:xsi="http://www.w3.org/2001/XMLSchema-instance" xsi:type="java:java.lang.String">custom_range</itemValue>
    </item>
</listOfValues>
