<?xml version="1.0" encoding="UTF-8"?>
<folder exportedWithPermissions="false">
    <parent>/icinga</parent>
    <name>inputcontrols</name>
    <label>Input Controls</label>
    <creationDate>2015-06-07T20:03:31.434+02:00</creationDate>
    <updateDate>2011-11-08T11:53:00.749+01:00</updateDate>
    <resource>p_date_end</resource>
    <resource>p_date_start</resource>
    <resource>p_host_object_id</resource>
    <resource>p_hostgroup_object_id</resource>
    <resource>p_service_object_id</resource>
    <resource>p_servicegroup_object_id</resource>
    <resource>p_time_end</resource>
    <resource>p_time_start</resource>
    <resource>p_timeperiod</resource>
    <resource>p_weekday_end</resource>
    <resource>p_weekday_start</resource>
</folder>
