<?xml version="1.0" encoding="UTF-8"?>
<inputControl exportedWithPermissions="false">
    <folder>/icinga/inputcontrols</folder>
    <name>p_date_start</name>
    <version>0</version>
    <label>Start</label>
    <description></description>
    <creationDate>2015-06-07T20:03:33.121+02:00</creationDate>
    <updateDate>2012-12-18T10:09:05.946+01:00</updateDate>
    <type>2</type>
    <mandatory>false</mandatory>
    <readOnly>false</readOnly>
    <visible>true</visible>
    <dataType>
        <localResource
            xmlns:xsi="http://www.w3.org/2001/XMLSchema-instance"
            exportedWithPermissions="false" xsi:type="dataType">
            <folder>/icinga/inputcontrols/p_date_start_files</folder>
            <name>type_date</name>
            <version>0</version>
            <label>type_date</label>
            <description></description>
            <creationDate>2015-06-07T20:03:33.121+02:00</creationDate>
            <updateDate>2012-12-18T10:09:05.946+01:00</updateDate>
            <type>4</type>
            <regularExpr></regularExpr>
            <strictMin>false</strictMin>
            <strictMax>false</strictMax>
        </localResource>
    </dataType>
</inputControl>
