<?xml version="1.0" encoding="UTF-8"?>
<inputControl exportedWithPermissions="false">
    <folder>/icinga/inputcontrols</folder>
    <name>p_servicegroup_object_id</name>
    <version>0</version>
    <label>Servicegroup</label>
    <description></description>
    <creationDate>2015-06-07T20:03:33.486+02:00</creationDate>
    <updateDate>2012-12-18T10:09:06.307+01:00</updateDate>
    <type>4</type>
    <mandatory>false</mandatory>
    <readOnly>false</readOnly>
    <visible>true</visible>
    <query>
        <localResource
            xmlns:xsi="http://www.w3.org/2001/XMLSchema-instance"
            exportedWithPermissions="false" xsi:type="query">
            <folder>/icinga/inputcontrols/p_servicegroup_object_id_files</folder>
            <name>query_servicegroup_object_id</name>
            <version>0</version>
            <label>query_servicegroup_object_id</label>
            <description></description>
            <creationDate>2015-06-07T20:03:33.486+02:00</creationDate>
            <updateDate>2012-12-18T10:09:06.307+01:00</updateDate>
            <language>sql</language>
            <queryString>select servicegroup_object_id, alias from icinga_servicegroups</queryString>
            <dataSource>
                <uri>/icinga/datasources/IDO</uri>
            </dataSource>
        </localResource>
    </query>
    <queryVisibleColumn>alias</queryVisibleColumn>
    <queryValueColumn>servicegroup_object_id</queryValueColumn>
</inputControl>
