<?xml version="1.0" encoding="UTF-8"?>
<inputControl exportedWithPermissions="false">
    <folder>/icinga/inputcontrols</folder>
    <name>p_timeperiod</name>
    <version>0</version>
    <label>Timeperiod</label>
    <creationDate>2013-10-17T11:33:33.073+02:00</creationDate>
    <updateDate>2012-12-18T10:09:06.630+01:00</updateDate>
    <type>3</type>
    <mandatory>false</mandatory>
    <readOnly>false</readOnly>
    <visible>true</visible>
    <listOfValues>
        <uri>/icinga/listofvalues/timeperiods</uri>
    </listOfValues>
</inputControl>
