<?xml version="1.0" encoding="UTF-8"?>
<inputControl>
    <folder>/icinga/inputcontrols</folder>
    <name>p_time_start</name>
    <version>1</version>
    <label>Time Start</label>
    <description></description>
    <creationDate>2013-04-10T13:50:16.236+02:00</creationDate>
    <updateDate>2012-12-18T10:09:06.477+01:00</updateDate>
    <type>2</type>
    <mandatory>false</mandatory>
    <readOnly>false</readOnly>
    <visible>true</visible>
    <dataType>
        <uri>/icinga/datatypes/time</uri>
    </dataType>
</inputControl>
