<?xml version="1.0" encoding="UTF-8"?>
<folder>
    <parent>/Icinga</parent>
    <name>inputcontrols</name>
    <label>inputcontrols</label>
    <description></description>
    <creationDate>2011-04-08T16:54:17.000+02:00</creationDate>
    <updateDate>2010-09-29T03:38:08.000+02:00</updateDate>
    <resource>p_date_end</resource>
    <resource>p_date_start</resource>
    <resource>p_host_object_id</resource>
    <resource>p_hostgroup_object_id</resource>
    <resource>p_service_object_id</resource>
</folder>
