<?xml version="1.0" encoding="UTF-8"?>
<inputControl>
    <folder>/Icinga/inputcontrols</folder>
    <name>p_date_end</name>
    <version>0</version>
    <label>End</label>
    <description></description>
    <creationDate>2011-04-08T16:54:17.000+02:00</creationDate>
    <updateDate>2011-04-08T16:54:17.000+02:00</updateDate>
    <type>2</type>
    <mandatory>false</mandatory>
    <readOnly>false</readOnly>
    <visible>true</visible>
    <dataType>
        <localResource
            xmlns:xsi="http://www.w3.org/2001/XMLSchema-instance" xsi:type="dataType">
            <folder>/Icinga/inputcontrols/p_date_end_files</folder>
            <name>type_date</name>
            <version>0</version>
            <label>type_date</label>
            <description></description>
            <creationDate>2011-04-08T16:54:17.000+02:00</creationDate>
            <updateDate>2011-04-08T16:54:17.000+02:00</updateDate>
            <type>4</type>
            <regularExpr></regularExpr>
            <strictMin>false</strictMin>
            <strictMax>false</strictMax>
        </localResource>
    </dataType>
</inputControl>
